時系列っぽいindex	語	*	品詞	目録から排除	語ソース	推定執筆日	議論ソース	意味（日）	意味（理）	語源（理）	［意味≠語源の時］語源の和訳	燐字	備考や案件
10	mi		名詞					私	（左に同じ）	mi		我	
20	co		名詞					あなた	（左に同じ）	co		汝	
30	ka		名詞					これ	ka1	fqa, ka.tk, ka1.pk		此	
40	ci		名詞					それ、かれ、あれ	ci, si, fgir, zap2.pk	ci, si		彼	
50	kame		名詞					なに、どれ	（左に同じ）	harmie		何	
60	lukup		名詞					言語	lkurftless	lkurf		言	
70	lata		名詞					人	（左に同じ）	larta		人	
80	nole		名詞					時	（左に同じ）	snolej		時	
90	poto		名詞					場所	（左に同じ）	polto		処	
100	polto		名詞					場所	（左に同じ）	polto		処	
110	nalu		名詞					理由、原因	（左に同じ）	snalu		故	
120	julo		名詞					もの、こと	iulo, -o	iulo		件	
130	icic		名詞					ドア	（左に同じ）	isis			
140	likka		名詞					夢	（左に同じ）	likqa, liqka			
150	papuc		名詞					ファフス、パプス（人名）	（左に同じ）	fafs			
160	kantel		名詞					本、書籍、表現	kranteerl, qanteo	kranteerl			
170	kulante		名詞					本、書籍	（左に同じ）	kranteerl		書	
180	bal		名詞					茶	（左に同じ）	bal			
190	ben		名詞					油	（左に同じ）	vhens			
200	zakan-zakan		名詞					地震	（左に同じ）	za’kkan			
210	zaku		名詞					仲間	（左に同じ）	chaku			
220	cep		名詞					政府、省	（左に同じ）	seip, karmacist		官	
230	ep		名詞					雑穀	（左に同じ）	erb			
240	lumap		名詞					腸	（左に同じ）	lumavh			
250	ackic		名詞					杖	（左に同じ）	askis			
260	et		名詞					他	（左に同じ）	et		別	
270	mot		名詞					裏	（左に同じ）	moth			
280	pek		名詞					顔	（左に同じ）	feg		顔	
290	bixe		名詞					おじいさん	（左に同じ）	vixeh			
300	bek		名詞					スモモ	（左に同じ）	blerkh			
310	e		名詞					エーイ、エー（人名）	（左に同じ）	eri			
320	anpe		名詞					力	（左に同じ）	anfi'e			
330	kapa		名詞					光	（左に同じ）	kafi'a		光	
340	pon		名詞					酢	（左に同じ）	feun			
350	ponto		名詞					前	（左に同じ）	fonto			
360	cila		名詞					真実、事実	（左に同じ）	cirla			
370	anxan	TRUE						不正に	（左に同じ）	andzan			
380	e tata		動詞					楽しい	（左に同じ）	tatha			
390	dapal-leti		動詞					カッコいい、クールな	（左に同じ）	dhafarl			
400	kabe	TRUE	名詞					イノシシ、猪	（左に同じ）	gable			
410	jatpek-leti		動詞					有罪の、罪のある	（左に同じ）	jatfekh			
420	adikti	TRUE	名詞					奴隷	（左に同じ）	adirkhtir			
430	e ankalep	TRUE	動詞					仮定する、仮に考える	（左に同じ）	ankalef			
440	e pip		動詞					気絶する、失神する、気を失う	（左に同じ）	pifh			
450	pinic-leti		動詞					乱雑な、散らかった	（左に同じ）	pinix			
460	e nupuc	TRUE	動詞					枯れる、しおれる、しぼむ	（左に同じ）	nupudz			
470	akxac-leti		動詞					正の、プラスの	（左に同じ）	akxaz			
480	lec		名詞					レチ書、ターフ・レチ	（左に同じ）	lech			
490	e pak		動詞					運転する、操縦する	（左に同じ）	fark			
500	lelec-it		動詞					比較する	lelessse	leles			
510	cunet-leti		動詞					強い	（左に同じ）	sneiet			
520	jo		前置詞					～において、～へ、～から、～で、～によって	io, -'i, el	io, ie.pk		於	
530	e tude		動詞					移動する	tydiest, is	tydiest		行	
540	e pen		動詞					開く	（左に同じ）	pen			
550	e		特殊動詞					～である	（左に同じ）	es			
560	e tuwaca		動詞					信じる	（左に同じ）	tvarcar			
570	e ice		動詞					受ける	（左に同じ）	icve		受	
580	e nip		動詞					消える、なくなる	tejiest	niv		無	
590	e bi		動詞					祝福する	（左に同じ）	birlees			
600	e panka		動詞					良い	vynut	panqa, fhanka		善	
610	pan-leti		動詞					一つの	（左に同じ）	panqa		一	
620	cet-leti		動詞					多くの	（左に同じ）	set		多	
630	e		間投詞					おい、なあ、あー	（左に同じ）	ej, aj			
640	xizi		名詞接尾辞					～さん	xici	xi zi.pk			
650	e luc		動詞					使う	（左に同じ）	lus		使	
660	e lukup		動詞					言う、話す	（左に同じ）	lkurf		言	
670	mol		特殊動詞					ある	（左に同じ）	mol		在	
680	linepaine		名詞					リパライン語	（左に同じ）	lineparine			
690	kunlanit		動詞					食べる、食う、飲む、吸う	（左に同じ）	knloan			
700	culup		形容詞					恨めしい	（左に同じ）	stylup			
710	kada		形容詞					汚れた、汚れた	（左に同じ）	harda			
720	alepic		名詞					アレフィス（神の名）	（左に同じ）	alefis			
730	e kije		動詞	TRUE				来る	（左に同じ）	klie		耒	
740	bepice		名詞					ヴェフィス（民族名・国名）	（左に同じ）	vefise		淮	
750	ail		名詞					アイル（民族名・国名）	（左に同じ）	ai’r		冠国	
760	aililu		名詞					アイル（民族名・国名）	（左に同じ）	ai’r		冠国	
770	takan		名詞					タカン（民族名）	（左に同じ）	takang			
780	pi		文接続詞					～して、～したが、～すると	mal, pa, fie	fi		而	
790	ticotit		動詞					と思う、と考える、と感じる、[ticotit kije] 認識する、[ticotit kije] 気づく	tisod, jusci [kije], firlex e'c [kije], jel e'c	tisod		思, (心)	
800	nip		前置助動詞					～ない	（左に同じ）	niv		無	
810	cene		前置助動詞					～できる	（左に同じ）	cene		能	
820	celene		前置助動詞					～したい、～したがる	（左に同じ）	selene		心	
830	delu		前置助動詞					～する必要がある、～のはずだ	（左に同じ）	deliu		須	
840	deliju		前置助動詞					～する必要がある、～のはずだ	（左に同じ）	deliu		須	
850	lijuit		動詞					[lijuit kije]学習する、[lijuit tude]教える	lersse [kije], kanti [tude]	lyr			
860	lucu		間投詞					～した、～し終えた	liaxa	lusus, lusut		終	
870	nat		間投詞					まだ	（左に同じ）	nat			
880	cila		間投詞					本当に（文の内容を強調する語）	da	cirla			
890	a		間投詞					～だなあ	（左に同じ）	a.pk			
900	lujot		名詞					文字	（左に同じ）	lyjot		字	
910	pemecepe		名詞					PMCF、ペメセペ（自治体名）	（左に同じ）	PMCF			
920	e latapanka		動詞					健康である	es farkzirvhi, celes iso larta fau farkzirvhi, es vynut mels jisnul	larta-panqa			
930	cuit		動詞					商取引を行う、[cuit kije]売る、[cuit tude]買う	stejies [kije], dosyt [tude]	sur			
940	e cun		動詞					いつもある	mol fal ecurun	ecurun			
950	at		項接続詞					と	（左に同じ）	ad, at.pk		加	
960	o		項接続詞					または	（左に同じ）	o		亦	
970	e nin		動詞					安全である	（左に同じ）	niurn			
980	metica		間投詞					きっと～となるだろう、おそらく～となるだろう、～となりますように	（左に同じ）	metista			
990	mak		前置助動詞					再び～する、もう一度～する	（左に同じ）	mak		再	
1000	ai		間投詞					痛い！	（左に同じ）	aj			
1010	xep		形容詞					大きい	（左に同じ）	xerf		大	
1020	ka-leti		動詞					2つの	（左に同じ）	qa			
1030	cena		形容詞					10000個の、万の	（左に同じ）	can-a-			
1040	mak-leti		動詞					2つの	qa	mak		二, (再)	
1050	nip-leti		動詞					0個の	iu	niv		無	
1060	duka-leti		動詞					3個の	（左に同じ）	dqa		三	
1070	jup-leti		動詞					4個の	（左に同じ）	iupqa		四	
1080	noka-leti		動詞					5個の	（左に同じ）	neoqa		五	
1090	xanta-leti		動詞					6個の	（左に同じ）	xantaqa		六	
1100	xen-leti		動詞					7個の	（左に同じ）	xenqa		七	
1110	lekka-leti		動詞					8個の	（左に同じ）	lekqa		八	
1120	penti-leti		動詞					9個の	（左に同じ）	fentiqa		九	
1130	ana		形容詞					10個の、十の	anpanqa	an-a-			
1140	xana		形容詞					100個の、百の	xanpanqa	xan-a-			
1150	anxan		形容詞					1000個の、千の	sanpanqa	an- xan-			
1160	cana		形容詞					1000個の、千の	sanpanqa	san-a-			
1170	nip-it		動詞					拒む、無視する、なくす、取り除く、捨てる	nives, xelnkan	niv		無	
1180	e kante		動詞					[e kante kije]読む、[e kante tude]書く	（左に同じ）	akranti [kije], krante [tude]		書	
1190	e kile		動詞					来る	（左に同じ）	klie		来	
1200	tanna		名詞					タンナ【皇水】（地名およびセッカイク用語）	tammua	tanna.tk		皇水	
1210	ja		間投詞					はい	（左に同じ）	ja			
1220	molip		特殊動詞					無い、存在しない	（左に同じ）	mol niv		在無	
1230	cukulal		名詞					絵、図	aklurpti'a	skurla		絵	
1240	lukup-lukup		名詞					文章、話し合い	lkurfon, krandiurg	lkurf, zep1 zep1.pk		論	
1250	cacija		名詞					姉	（左に同じ）	carxa, sasia.ar			
1260	mele		名詞					近く	（左に同じ）	mele		近	
1270	tulijo		名詞					土手	（左に同じ）	tuli'o, tulijo.tk			
1280	e xel		動詞					見る	（左に同じ）	xel		目	
1290	pecta		間投詞					じゃあ	（左に同じ）	pesta			
1300	pac		前置助動詞					～し始める	fas, liaxi	fas		始	
1310	e kojowi		動詞					疲れる	（左に同じ）	kojoi			
1320	it		動詞					する	teles	-it.pmcf		為	
1330	xale		間投詞					～のような	（左に同じ）	xale			
1340	cet-it		動詞					増やす	stodup	set		増	
1350	acil		名詞					報道、新聞、放送、番組	（左に同じ）	acirl, acerl			
1360	menic		名詞					島、民族自治区	menis, hartlirfa'd fonticco	menis			
1370	paccamel		名詞					自治体	（左に同じ）	paccamerl			
1380	pulenza		名詞					自由	（左に同じ）	flentia			
1390	e pijen		動詞					東である	pi'ene'd	pi'en			
1400	kame		形容詞					何の	harmie'd	harmie		何	
1410	e lot		動詞					愚かである、バカである	（左に同じ）	ny snylod			
1420	e nulot		動詞					賢い、賢明な	（左に同じ）	snylod			
1430	kelza		名詞					波	（左に同じ）	helzar			
1440	elza		名詞					波	（左に同じ）	helzar			
1450	kie		形容詞					急ぎの	ki'ergen	ki'e			
1460	kin		名詞					値、数、点数	dieniep	kinfit		値	
1470	lewip		名詞					辞書	（左に同じ）	levip			
1480	e kin		動詞					～の数になる、[kinpit] ～を数える	（左に同じ）	kinfit		値	
1490	nip		間投詞					いいえ	（左に同じ）	niv		無	
1500	e ancol		動詞					与える、渡す	（左に同じ）	amcol			
1510	pontaloexo		名詞					フォンタローエショ（長さの単位。約 31.2cm）	（左に同じ）	fontalorexo			
1520	cucen		名詞					ステュズェン（質量の単位）	（左に同じ）	stysien			
1530	lanca		名詞					下	（左に同じ）	la unsar			
1540	launca		名詞					下	（左に同じ）	launsar		下	
1550	laip		名詞					上	（左に同じ）	la jip			
1560	e celec		動詞					～させる	（左に同じ）	celes			
1570	cupoi		名詞					木	（左に同じ）	cyfoi		木	
1580	dexape		名詞					火	（左に同じ）	dexafel			
1590	e dexape		動詞					燃やす、焼く	chypo	dexafel			
1600	e liowel		動詞					大いに注意すべきである	（左に同じ）	liorwel			
1610	letit		動詞					持つ	（左に同じ）	letix		手	
1620	zanta		名詞					武器	zant	zant-a-			
1630	joja		名詞					兄弟	vioj	vioj-a-			
1640	pawil		名詞					旗	（左に同じ）	farvil			
1650	e coxet		動詞					青い	（左に同じ）	stoxiet			
1660	e pawilec		動詞					旗を掲げる	（左に同じ）	farviles			
1670	e udicel		動詞					怖がる、恐れる	（左に同じ）	ydicel			
1680	e cunen		動詞					喜ぶ	（左に同じ）	snerien			
1690	e nupak		動詞					独立する、隷属しない	axelixfant	ny fark			
1700	lecu		前置助動詞					～しよう	（左に同じ）	lecu			
1710	icpenemedanot		名詞					国際共産主義運動	（左に同じ）	ispienermedarneust			
1720	auc		名詞					全て	（左に同じ）	als		全	
1730	kantelit		動詞					書く、著す	krante kranteerl'i	kranteerl			
1740	cunenek		名詞					日	（左に同じ）	snenik			
1750	latacet		名詞					連合、同盟、連盟、協会	cierjustel fhasfa	larta set		人等	
1760	joup		名詞					歴史	（左に同じ）	jorup			
1770	cetkaik		名詞					セッカイク（ボードゲーム名）	cerke	cet2 kaik.pk		机戦	
1780	mo		名詞					文化	（左に同じ）	meu		地心	
1790	paike		名詞					パイグ（言語・民族名）	perger	pai2 ge.pk		牌	
1800	belpic		名詞					遊び、遊戯	（左に同じ）	velfez		遊, 遊術	
1810	e penul		動詞					古い	（左に同じ）	penul		古	
1820	e dutucun		動詞					新しい	（左に同じ）	dytysn		新	
1830	e lauza		動詞					作る	（左に同じ）	laozia		為	
1840	e molka		動詞					勝利する	（左に同じ）	molkka		在善	
1850	cepkulante		名詞					ルールブック、ルール	sopit	seip-kranteerl [y1 ak1.pk]		律	
1860	pijume		名詞					船	（左に同じ）	fiurme			
1870	kuctu		名詞					弓	（左に同じ）	gustu			
1880	xije		名詞					車（セッカイク）	（左に同じ）	xi'e			
1890	dodo		名詞					馬	（左に同じ）	dodor		馬	
1900	cucit		名詞					虎	stistyst	stystist		虎	
1910	xan		名詞					将（セッカイク）	（左に同じ）	xan			
1920	caupla		名詞					王	（左に同じ）	salfli'ar			
1930	e cemoko		動詞					踏越えする（セッカイク）	teles semorko	semorko		上行	
1940	mena		名詞					友達	（左に同じ）	mena		友	
1950	dec		名詞					色	（左に同じ）	dejix		色	
1960	cepat		名詞					種類	（左に同じ）	stefart			
1970	e papel		動詞					普通である	es farfelen	farfel		普	
1980	e pulon		動詞					演じる、代用する	（左に同じ）	flonn			
1990	e pulan		動詞					白い	（左に同じ）	flan		白	
2000	e ludec		動詞					赤い	es ludiex	ludiex		赤	
2010	e dok		動詞					叩く、叩きつける	（左に同じ）	dokt		撃	
2020	tanke		名詞					タンケ【皇処】（セッカイク）	tarfe	tam2 hue.pk		皇処	
2030	xiju		名詞					投げ棒	ciurl	xy1.pk		裁	
2040	xepudoc		名詞					柵、垣根	（左に同じ）	ciepudrost			
2050	mele		形容詞					近くの、似ている	（左に同じ）	mele		近	
2060	nutok		名詞					部屋、マス	（左に同じ）	snutok		囲	
2070	e nectun		動詞					さわる、接触する	（左に同じ）	snestun			
2080	e lucuc		動詞					終わる、終える	（左に同じ）	lusus		終	
2090	xot		名詞					（ゲームにおける）季節	paltauil (cerke)	xot1.pk		季	
2100	e del		動詞					黒い	（左に同じ）	deln		黒	
2110	keco		間投詞					たとえば	fion	keicwou.ar		如	
2120	keco		前置助動詞					たとえば	fion	keicwou.ar		如	
2130	keco		前置詞					たとえば	fion	keicwou.ar		如	
2140	cul		名詞					方法、道具	-el	surul		術	
2150	xedixel		名詞					棒、軸	（左に同じ）	xedirxel		軸	
2160	koclija		名詞					難民	（左に同じ）	korxli'a, kauchlia.ve			
2170	aiau		名詞					飛行機、航空機	（左に同じ）	aiaro			
2180	jun		間投詞					～か？	(= o nip)	yn2.pk		乎	
2190	cet		名詞接尾辞					多数性を示す接辞	-ss	set		等	
2200	zo		名詞					駒	laver	zuo1.pk		片	
2210	late		名詞					順番	-te	late		位	「金銭」と紛れるので、あまり用いられず、zelena や etecel が用いられる。
2220	e waxec		動詞					異なる、違う	（左に同じ）	waxes		別	
2230	waxec-it		動詞					変える、変更する、変化させる	waxes, furnkie	waxes		別	
2240	e cece		動詞					跳ねる	（左に同じ）	siesej		躍躍	
2250	pijuc		名詞					目、[pijuc leti kapa]視線・方向	（左に同じ）	fiurs			
2260	pijuc leti kapa		名詞	TRUE				視線、方向	fyrstla, lal	fyrstla + [kád.bt]		目之光	
2270	atalan		名詞					タカン、アタラン（島名）	alefise'd menis, 皇 hartlirfa'd fonticco				
2280	nul		名詞		リパライン語 benallata 語源欄			魂	（左に同じ）	nult			
2290	benal		名詞		リパライン語 benallata 語源欄			田舎、僻地	（左に同じ）	venal			
2300	manmana		名詞					マナナ、マンマナ（島名）	manarna, manarnaven hartlirfa'd fonticco				
2310	pede		名詞					ペドゥ、ペデ（島名）	liardien menis, phertarsa'd hartlirfa'd fonticco				
2320	aikit		名詞					アイキト（島名）	光 menis, 光 hartlirfa'd fonticco				
2330	e nupanka		動詞					悪い	（左に同じ）	ny panqa		悪	
2340	nupankaleti		動詞					悪い	（左に同じ）	ny panqa		悪	
2350	pan-it		動詞					統一する	ixfant	panqa		一	
2360	leti		項接続詞					～の～、～な～、～する～	(cene lius fua sxe krantiago. xel <kranteerl fua lersseer pemecepelukupp>.)	letix		之	
2370	nuxep		形容詞					小さい	（左に同じ）	ny xerf		小	
2380	tan		名詞					（セッカイクの）タム【皇】、[tan leti dec] タムカラー（深い緑色）	（左に同じ）	tam (cerke)		皇	
2390	launza		名詞					下、続き、未来	xeruk	launsar		下	
2400	e ticot-ticot		動詞					思う、考える	（左に同じ）	tisod		心心	ticotより壮大なニュアンスがある
2410	xaceit		動詞					感謝する	slaxers	xace			
2420	nuwaxec		前置助動詞					～のまま	fean	ny waxes			
2430	panka		前置助動詞					うまく	panqa, tesyl lot	panqa		善	
2440	pan		前置助動詞					一人で、単独で、孤立して	navaxon	panqa		一	
2450	cet		前置助動詞					とても	（左に同じ）	set			
2460	tata		前置助動詞					楽しんで	nujonon	tatha			
2470	e mili		動詞					待つ	（左に同じ）	mili			
2480	e icalat		動詞					静かだ	es ircalart	ircalart			
2490	icalat		前置助動詞					静かに、冷静に	ircalart lot	ircalart			
2500	okicol		名詞					（ゲームの）役	（左に同じ）	voklisol			
2510	lezi		名詞					レチ書、ターフ・レチ	（左に同じ）	lech			
2520	mak-mak		前置助動詞					繰り返し～する	fhaotce	mak		再再	
2530	xon		形容詞					奇妙である、特殊である、変わっている	juren, ny farfelen	xorln		妙	
2540	xon		前置助動詞					奇妙にも、例外的に	juron	xorln		妙	
2550	pelkana		名詞					駆逐艦、セッカイクの船の駒	（左に同じ）	felkana			
2560	kucte		名詞					弓兵、セッカイクの弓の駒	（左に同じ）	gustuer			
2570	badut		名詞					御者、馭者、馬車を走らせる人、セッカイクの車の駒	（左に同じ）	vadyrd			
2580	cictuc		名詞					虎、セッカイクの虎の駒	（左に同じ）	stistyst			
2590	etolijo		名詞					布	（左に同じ）	jeteulyo		衣	
2600	naxe		名詞					針	（左に同じ）	nacye			
2610	calawa		間投詞					こんにちは	（左に同じ）	salarua			
2620	xace		間投詞					ありがとう	（左に同じ）	xace			
2630	xep u		名詞					シェノネン・ウー（リパーシェの文字名）	xenonen ur	xerf ur			
2640	cala		間投詞					こんにちは	（左に同じ）	salarua			
2650	tap		名詞					ターフ、タプ（人名）	（左に同じ）	tarf			
2660	lipalain		形容詞					リパラオネ（民族名）の	（左に同じ）	lipalain			
2670	duxe		名詞					詩、歌	durxe, snirorerl	durxe			
2680	e cut		動詞					強い	stiestud	stiestud, stystist, stistyst			
2690	pebut		名詞					机	（左に同じ）	pievyt			
2700	lin		名詞					アレス・リン（王の名）	（左に同じ）	ales.lin		清	
2710	bule		名詞					冬	（左に同じ）	vyrle			
2720	okijau		名詞					ホーギャウ、オキヤウ（地名）	（左に同じ）	horgiau			
2730	kamut		名詞		リパライン語辞書			大月島、ブリェーシャン、リナエスト本島	brjerxan				
2740	kawakija		名詞		PMCF主要島の名前対訳			ヴェフィス本島, 新島	dytymenis	kuakaja.ar			
2750	pokjut		名詞		PMCF主要島の名前対訳			蒼島	puli menis	fokude.ar			
2760	tanxelma		名詞		PMCF主要島の名前対訳			タムシエルミワ島	tamxi'ekhumiwa	tamchieroumioi.vef			
2770	nuxep		名詞		PMCF主要島の名前対訳			小島	menisertz	NUXEP.pmcf			
2780	bexan		名詞		PMCF主要島の名前対訳			リナエスト本島	brjerxan	?			
2790	xukamenocke		名詞		PMCF主要島の名前対訳			シュカメニョーイシュケ島	menisejtal	SCkAMÉMOYSCÄ.lin			
2800	junacna		名詞		PMCF主要島の名前対訳			ユーニャズナ島	toxagard	ÚMACzŊA.lin			
2810	konbec		名詞		PMCF主要島の名前対訳			フロン・ビェーイシュ島	（左に同じ）	konvefisal			
2820	bilo		名詞		PMCF主要島の名前対訳			ブイロ島	farrbirlegard	PUYLvO.lin			
2830	xukepalox		名詞		PMCF主要島の名前対訳			シュケープラローシュ島	sikxurtiaal	SCÄBÄkROS.in			
2840	neo		名詞					お酒、酒	dosnetost	naiwou.ar			
2850	cecnutit		動詞					守る	（左に同じ）	sesnud		守	
2860	late		名詞					お金、金銭	（左に同じ）	la arte			
2870	pecca		名詞					怒り	la fecca	fecca			
2880	belpicit		動詞		「我々の文化」3			遊ぶ	（左に同じ）	velfezes			
2890	e zakan-zakan		動詞		2021年始ご挨拶			混乱している、無秩序である	es feti'aven	za'kkan			
2900	dictic		名詞					家、企業	dystis, leryn	dystis			
2910	toni		名詞					神	（左に同じ）	tonir			
2920	lot		名詞					(暦の)年	（左に同じ）	rout			
2930	paccatta		文接続詞	TRUE	15分タクシー			～だとしても、しかしながら	（左に同じ）	pascafta			
2940	ekcait		動詞		15分タクシー			(荷物を)積み込む、(客を)乗せる	（左に同じ）	ekcan			
2950	cila-cila		間投詞		15分タクシー			なるほど	aror, lyson	cirla			
2960	zicedol		名詞		「我々の文化」3			歴史	（左に同じ）	zisedol			
2970	paiklene		名詞		「我々の文化」3			ファイクレオネ（惑星名）	（左に同じ）	faikleone			
2980	cikiliotije		名詞		「我々の文化」3			スキュリオーティエ叙事詩	（左に同じ）	skyli'orti'e			
2990	latot		名詞		「我々の文化」3			ラートード（時代区分名）	（左に同じ）	lartord			
3000	toxa		名詞		「我々の文化」3			石	（左に同じ）	toxa			
3010	bepale		名詞					板	vepalea, leviarci, cestelefevirt	vepalea.lip			
3020	nicnuc		名詞					窓	veparle	nysnys			
3030	taxu		名詞					遺跡	（左に同じ）	taxur			
3040	xepecne		名詞					大きさ	（左に同じ）	xerfesnej			
3050	kuncuk		名詞					部下	lartavins, xupurmer	kun2 cuk2.pk			
3060	lijon		名詞					鍵、手がかり	（左に同じ）	riron			
3070	nica		名詞		「我々の文化」3			誤り、嘘、間違い	（左に同じ）	nisa			
3080	lapimete		名詞		「我々の文化」3			専門家	（左に同じ）	lafirmeter			
3090	kuloc		名詞					クレオス	（左に同じ）	kreos			
3100	laneme		名詞					ラネーメ	（左に同じ）	lanerme			
3110	lina		名詞		「我々の文化」3			印刷業者	（左に同じ）	linar			
3120	elmo		名詞					戦い	（左に同じ）	elmo			
3130	lujotzo		名詞		「我々の文化」3			活字	linargil	lyjot + zuo1.pk			
3140	dixec		名詞		「我々の文化」3			自然科学、理化学	（左に同じ）	dyxest			
3150	nukil		名詞		「我々の文化」3			心、心臓、感情、精神、魂	nukil, stynyr, nult	nukil			
3160	ectal		名詞		「我々の文化」3			エスタール（時代区分名）	（左に同じ）	estarl			
3170	adolput		名詞		「我々の文化」3			アドルプト（時代区分名）	（左に同じ）	adolpd			
3180	neni		名詞		「我々の文化」3			地面	xleanertnir	nertnir			
3190	latawelkel		名詞		「我々の文化」3			栄養	falsirs	larta + velgerl			
3200	ticot		名詞		「我々の文化」3			考え	tisodelium	tisod		思	
3210	telec		名詞		「我々の文化」3			行為	teleso	teles			
3220	jexet		名詞		「我々の文化」3			根拠、証拠	（左に同じ）	jexerrt			
3230	xipaju		名詞		「我々の文化」3			凹み	（左に同じ）	xparju			
3240	celectal		名詞		「我々の文化」3			一方、片方	（左に同じ）	selstaal			
3250	belpickantel		名詞		「我々の文化」3			棋譜	fedirrgavir	velfez + kranteerl			
3260	tuwacalixa		名詞		「我々の文化」3			祭祀、典礼、法要	tvasnarlen lixea	tvarcar + lixea			
3270	e enlade		動詞		「我々の文化」3			興奮する、高揚する、昂ぶる	（左に同じ）	ajnlarde			
3280	e palbic		動詞		「我々の文化」3			つながる	（左に同じ）	falvix			
3290	e ulecen		動詞		「我々の文化」3			隠れる	（左に同じ）	ulesn			
3300	e codu		動詞		「我々の文化」3			彫る、彫刻を作る	sodues	sodu			
3310	e jucnuk		動詞		ゲムマ2024春広報処コメント			驚く	（左に同じ）	jusnuk			
3320	e tidec		動詞					尋ねる、質問する、問う	nun	tidest			
3330	e undemunde		動詞					平和である	es undernasch	undermunder			
3340	e elme		動詞					戦う	elm	elmer			
3350	e nucik		動詞					難しい	snietij	ny + -syk			
3360	kante		名詞					筆記具	krantergel	krante		筆術	
3370	xope		前置助動詞		「我々の文化」3			も	at	xoupwei.ar			
3380	ezulo		前置助動詞		「我々の文化」3			実際は	（左に同じ）	ez iulo			
3390	dicticlauzaite		名詞		「我々の文化」3			大工、建築家	larjelmer	dystis + lauzait.pmcf + -er			
3400	tidip		名詞		「我々の文化」3			紙	（左に同じ）	tydiv			
3410	aciltidip		名詞		「我々の文化」3			新聞	lojuk	acirl + tydiv			
3420	pijal		名詞		「我々の文化」3			メモ、覚書	（左に同じ）	firjal			
3430	izole		名詞		「我々の文化」3			高齢者、老人	sjaer	itiol + -er			
3440	zixo		文接続詞		「我々の文化」3			さらに	vatimel	zisho.ar			
3450	ezoc		名詞		「我々の文化」3			川、河川	（左に同じ）	ezost			
3460	inlin		名詞		「我々の文化」3			途中のとき	ingglimil	ingglim			
3470	e delne		動詞		「我々の文化」3			黒い	es delnen	delnen, deln-e-		黒	
3480	e lacik		動詞		「我々の文化」3			簡単である	es fyrfsyk	la + -syk			
3490	e jonuc		動詞		「我々の文化」3			苦しい、つらい	（左に同じ）	es jonus			
3500	kalzane		名詞		「我々の文化」3			最近、近頃	kalzaneno	kalzanen			
3510	tecnulo		名詞		「我々の文化」3			誇張	stesnulo iulo	stesnulo			
3520	lanija		名詞		「我々の文化」3			人種、民族、品種	（左に同じ）	lani'ar			
3530	e atakec		動詞		「我々の文化」3			足す、加える	atakeses	atakes			
3540	xiponte		名詞		「我々の文化」3			前半	xifont	xifonten			
3550	jol		前置助動詞		「我々の文化」3			～だろう、～しよう	（左に同じ）	jol			意思や推測といったニュアンスを持つが、未来の不確定な予測においてはjolではなくmeticaを、希望のニュアンスの強い意思の表現においてはjolではなくceleneを用いる。
3560	nucet		前置助動詞		「我々の文化」3			ほとんど～しない	ezon niv	ny set			
3570	e penten		動詞					対抗する	（左に同じ）	fenten			
3580	e pectel		動詞					適用する	（左に同じ）	festel			
3590	micca		名詞					互い	（左に同じ）	misca			
3600	nekuwai		名詞					（セッカイクの）連将	varxlekung	niek1 uai1.pk			
3610	pente		前置詞					～に反対して	nacisan	fente-			
3620	xibacke		名詞					後半	xiback	xibacken			
3630	wekupolto		名詞					向こう側	naciselstal	wequu.ar + polto			
3640	e nucunet		動詞					弱い	es virben, es felvis	ny + sneiet			
3650	tude		後置助動詞					主語から離れる動作の方向を示す	kantet lerno lerj sftle	tydiest		行	
3660	kije		後置助動詞					主語へ向かう動作の方向を示す	kantet zirlo sftle'l e'c	klie		来	
3670	mol		後置助動詞					～している	liaxu	mol			
3680	cik		後置助動詞					～やすい、簡単に	（左に同じ）	-syk			
3690	elmetude		名詞					侵攻	cexeno	elme + tydiest			
3700	lalac		名詞					特徴、性質	snosti	la + -nasch			
3710	e batin		動詞					発展する	（左に同じ）	vatin			
3720	etec		前置助動詞					早く	jeteson	jetes			
3730	pate		前置助動詞					予め、先に、前もって	（左に同じ）	farte			
3740	e noctu		動詞					遅れる	（左に同じ）	nostuj			
3750	e malup		動詞					危ない	es malef, es malf	malef, malf			
3760	xel		名詞					視線、（駒の）効き	fyrstla	xel			
3770	e etec		動詞					速い	es jetes	jetes			
3780	papel		間投詞					普通は	fal narvunsarlasykol	farfel			
3790	e cuctot		動詞					妨害する、妨げる、邪魔をする	（左に同じ）	systod			
3800	dat		名詞					（ゲームの）役	voklisol (cerke)	dat2.pk		集	
3810	elme		名詞					軍人、兵士	（左に同じ）	elmer		兵	
3820	kuwa		名詞					（セッカイクの）筆	（左に同じ）	kua (cerke)		筆	
3830	e nupan		動詞					異なる	waxes	ny + panqa		無同	
3840	pan-leti		動詞					同じ	es daliu	panqa		同	
3850	tanzo		名詞					（セッカイクの）皇処	（左に同じ）	tanzo (cerke)		皇山	
3860	kopzo		名詞					手駒、手札、手牌	surulume, surulumergal	hop1 zuo1.pk		手片	
3870	wai		名詞					（セッカイクの）将軍	varxle (cerke)	uai1.pk		将	
3880	e tectel		動詞					決める、決定する、選ぶ、選択する	snojij, text	destel, festel, textel		定	
3890	taxot		名詞					（セッカイクの）終季、タショト	taxt (cerke)	ta xot1.pk		終季	
3900	tumok		名詞					（セッカイクの）再行、テュモク	tymorko	ty mok1.pk		再行	
3910	zexo		名詞					写真	（左に同じ）	zexi'o		機絵	
3920	lal		名詞					方向	（左に同じ）	lal			
3930	e lal		動詞					向く	（左に同じ）	lales			
3940	etolo		名詞					布	（左に同じ）	jeteulyo		衣	
3950	exut		名詞					竹	（左に同じ）	jexyst		竹	
3960	e delun		動詞					黒い	（左に同じ）	deln		黒	
3970	lape		名詞					上	snelesn	la + -effe		上	
3980	paube		名詞					代わり、代理人、代替品	faoen larta, faoen mors	fao -v- er			
3990	e anpamija		動詞					収納する、片付ける	（左に同じ）	anfarmia			
4000	etolocna		名詞					糸、紐	etulyo	etulyo + -sna		糸	
4010	ipe-it		動詞					巻く、包む	（左に同じ）	ifie		包	
4020	etolocna-it		動詞					(糸、紐で)結ぶ	(etulyo leus) olosse	etulyo + -sna			
4030	cucnijamac		名詞					掛け算	stusni'amars, etva	stusni'amars			
4040	alailen		名詞					名前	aloajerlerm, ferlk (fon larta ad mors)	aloajerlerm			
4050	alowaelen		名詞					理名、アロアイェーレーム	（左に同じ）	aloajerlerm			
4060	kijabezu		名詞					心圧（ラネーメの伝統宗教・皇論における概念）	hiarbet	kjabetu.tk		心圧	
4070	etecel		名詞					順位、[値 leti etecel] ～番目	eteseleserl, -te	jeteserl.lip		位	
4080	etecel		名詞					速さ、スピード	jeteserl	jeteserl.lip			
4090	penal		名詞					椅子、腰掛け	pernal	pernal.lip		座処	
4100	keluc		名詞					大会	alarta fua rerxo o velfez	kelux.lip			
4110	e nectel		名詞					細い	snestul	snestul.lip		細	
4120	bapala		名詞	TRUE				板、札	vepalea, jexerrt, deiet	vepalea.lip		平	
4130	bapala		名詞		日本机戦連盟サイトPMCF訳	2022/7/1	日本机戦連盟サイトPMCF訳	カード、チケット	vuviep vepalea fua icvergo fhasfa	vepalea			リパライン語 vepalea には「カード、チケット」と「板」の両義があるので、訳語欄は「なにかを受け取るための薄い vepalea」とする。
4140	pomec		名詞		リパライン語初級「第十回」	2022/7/6		試験	（左に同じ）	pormerz			原典での表記 pomez を正規化。
4150	kectenebel		名詞		リパライン語初級「第十回」	2022/7/6		大学院	（左に同じ）	kestinebierl			
4160	linedelu		名詞		リパライン語初級「第十回」	2022/7/6		生物学	（左に同じ）	lynedelyr			
4170	e kanti		動詞		リパライン語初級「第十回」	2022/7/6		[e kanti kije] 勉強する, 自習する	lersse	kanti + kile.pmcf			リパライン語 kanti そのものは e liju tude なので、*e liju tude kije を避けたものか。
4180	jujoj-it		動詞	TRUE	リパライン語初級「第十回」	2022/7/6		料理する	jujojes	jujoj			-JI- ってどうなるの？
4190	zik		名詞		日本机戦連盟サイトPMCF訳	2022/9/25	日本机戦連盟サイトPMCF訳	敵	（左に同じ）	zirk			
4200	nubepok		名詞		日本机戦連盟サイトPMCF訳	2022/9/25	日本机戦連盟サイトPMCF訳	[nubepok leti dat] 同色でない役	voklisol z'es niv la dejixece	ny + bap pok.pmcf + leti.pmcf + dat.pmcf			
4210	tan leti dec		複合名詞	TRUE	日本机戦連盟サイトPMCF訳	2022/9/26	日本机戦連盟サイトPMCF訳	タムカラー	tamdejix	tam + letix + dejix			
4220	piji		名詞		悠F Discord	2022/10/6	悠F Discord	春	（左に同じ）	fir			
4230	nalau		名詞		悠F Discord	2022/10/6	悠F Discord	夏	（左に同じ）	naleru			
4240	pakile		名詞		悠F Discord	2022/10/6	悠F Discord	秋	（左に同じ）	fakirle			
4250	ule		名詞		悠F Discord	2022/10/6	悠F Discord	冬	（左に同じ）	vyrle			
4260	wile		名詞		悠F Discord	2022/10/6	悠F Discord	冬	（左に同じ）	vyrle			
4270	apijo		名詞		日本机戦連盟サイトPMCF訳	2022/10/7	日本机戦連盟サイトPMCF訳	印、マーク、記号	akrapt	afi’orj, áphíyo.bt			
4280	autaklat		名詞		日本机戦連盟サイトPMCF訳	2022/10/7	日本机戦連盟サイトPMCF訳	矢印	（左に同じ）	altakrapt			
4290	cucpezen		名詞		日本机戦連盟サイトPMCF訳	2022/10/8	日本机戦連盟サイトPMCF訳	直線	cystfechen	cystfechen chai	直線的な		
4300	cuwelo		名詞		日本机戦連盟サイトPMCF訳	2022/10/8	日本机戦連盟サイトPMCF訳	丸	rafte	cwelo.ar	玉、団子		
4310	tecile		名詞		PMCF ポスター			名人	（左に同じ）	tesyler			
4320	etecel		名詞		悠F Discord	2022/10/13	悠F Discord	速さ、順位、～番目	ki, eteseleserl, -te	jeteserl			
4330	e etecel		動詞	TRUE	悠F Discord	2022/10/13	悠F Discord	速度を出す	celke	etecel.pmcf			協議の結果、ひとまず却下
4340	etecel-it		動詞		悠F Discord	2022/10/13	悠F Discord	順位をつける	（左に同じ）	eteseles			
4350	penal		名詞		悠F Discord	2022/10/13	悠F Discord	座席	（左に同じ）	pernal			
4360	keluc		名詞		PMCF ポスター	2022/10/13	悠F Discord	遊戯大会	kelux	alarta z'es rerxo			
4370	zuwo		名詞		PMCF ポスター			ツウォ（一日の百分の一）	xinesnenik	zuo1.pk			
4380	inuci		名詞		PMCF ポスター			イヌシ（行政区画）	inuci (ai'ren febikaxten snajalo)	inuci.tk			
4390	ie-xo-kat-iat		名詞		机戦紹介スライド			春夏秋冬（机戦）	iupqa'd paltauil (cerke)	iei2 xo1 kat2 iat1.pk			
4400	e belpic		動詞		机戦紹介スライド			遊ぶ	（左に同じ）	velfezes			
4410	nuwao		名詞		【羅古論】目録	2023/1/14		墨汁、墨液	（左に同じ）	nwafho, nua2 huo2.pk			
4420	-pina		拘束形態素			2023/1/14	悠F Discord	蜜	（左に同じ）	finastea			
4430	pinacta		名詞		【羅古論】目録	2023/1/14	悠F Discord	蜜	（左に同じ）	finastea			
4440	lapi		名詞		【羅古論】目録	2023/1/14	悠F Discord	心	（左に同じ）	larpi			
4450	jacamal-it		動詞		【羅古論】目録	2023/1/14	悠F Discord	圧迫する、圧力をかける	jacamales	jacamal			
4460	e lowik		動詞		【羅古論】目録	2023/1/14	悠F Discord	近い	es lovik	lovik			
4470	e lectenec		動詞			2023/1/14	悠F Discord	遠い	es stienies	le stienies			
4480	e nulowik		動詞		【羅古論】目録	2023/1/14	悠F Discord	遠い	es stienies	ny + lovik			
4490	nexiju		名詞		【羅古論】目録	2023/1/14		六裁	net2 xy1.pk	net2 xy1.pk			
4500	e nace		動詞		【羅古論】目録	2023/1/14	悠F Discord	謝る、謝罪する	nacees	nace			
4510	alec.lin		名詞		【羅古論】目録	2023/1/14		アレス・リン	（左に同じ）	ales.lin			
4520	e acca		動詞		我々の遊戯-text	2023/4/4		豊かだ	es asca	asca			
4530	lanukenic		名詞		我々の遊戯-text	2023/4/4		思い出	（左に同じ）	la ny kenis			
4540	icco		名詞		我々の遊戯-text	2023/4/4		国	（左に同じ）	icco			
4550	taxu		名詞		我々の遊戯-text	2023/4/5		遺跡	（左に同じ）	taxur			
4560	melpetal		名詞		我々の遊戯-text	2023/4/5		索引、目次、名簿、目録、リスト、一覧	（左に同じ）	melfertal			
4570	pekenacit		動詞		我々の遊戯-text	2023/4/5		目指す、目標とする	（左に同じ）	fergen'artz			= XELIT ~ LETI CUL
4580	amol-it		動詞		我々の遊戯-text	2023/4/5		置く	（左に同じ）	amol			
4590	anpe		名詞	TRUE	我々の遊戯-text	2023/4/5		力	（左に同じ）	anfi'e			
4600	nocti		名詞		我々の遊戯-text	2023/4/5		特徴	（左に同じ）	snosti			
4610	enja		名詞		我々の遊戯-text	2023/4/5		仕事、役職	（左に同じ）	en'iar			
4620	paujun		名詞		我々の遊戯-text	2023/4/5		基準	（左に同じ）	faiium, foiium			
4630	molipka-it		動詞		我々の遊戯-text	2023/4/11		負ける	nilirs	molkka + niv			
4640	numolka-it		動詞		我々の遊戯-text	2023/4/11		負ける	nilirs	ny + molkka			
4650	xane-leti		動詞		我々の遊戯-text	2023/4/11		面白い	（左に同じ）	xarne			
4660	neclanac		名詞		我々の遊戯-text	2023/4/11		種類	（左に同じ）	neslanas			
4670	jule-leti		動詞		我々の遊戯-text	2023/4/29		基本的な	es gylerylen	gylery + leti			
4680	jule		名詞		我々の遊戯-text	2023/4/29		基本	（左に同じ）	gylery			
4690	pecela		名詞		我々の遊戯-text	2023/4/11		系統	（左に同じ）	fesela			
4700	cela		名詞		我々の遊戯-text	2023/4/11		構造	（左に同じ）	cela			
4710	jecnup		名詞		我々の遊戯-text	2023/4/11		学校	（左に同じ）	jesnyp			
4720	inixale		名詞		我々の遊戯-text	2023/4/16		授業	inirjixarle	iniixarle (waxljot fon inirjixarle)			
4730	e pupcuk		動詞		我々の遊戯-text	2023/4/16		簡単だ	（左に同じ）	es fyrfsyk			
4740	nupan-leti		動詞		我々の遊戯-text	2023/4/16		複数だ	es eustira	ny + panleti.pmcf			
4750	pulac		名詞		我々の遊戯-text	2023/4/16		解説	（左に同じ）	plas			
4760	awi		名詞		我々の遊戯-text	2023/4/16		段階	（左に同じ）	avir			
4770	untik		名詞接尾辞		我々の遊戯-text	2023/4/16		自身	（左に同じ）	untirk			Noun UNTIK であり Noun LETI UNTIK ではない
4780	cecijo		名詞		我々の遊戯-text	2023/4/16		間	laisi'a	cecio			
4790	e xenkan		動詞		我々の遊戯-text	2023/4/16		無視する	（左に同じ）	xelnkan			
4800	azepete		名詞		我々の遊戯-text	2023/4/28		アツェフェーテ（ボードゲーム名）	（左に同じ）	azeferte			
4810	manicoma		名詞		我々の遊戯-text	2023/4/28		マニソマ	（左に同じ）	manicoma			
4820	PICE		名詞		我々の遊戯-text	2023/04/28		獣	（左に同じ）	pyse			
4830	KINPECELA		名詞		我々の遊戯-text	2023/04/29		得点システム、（会社とかでの）評価制度	（左に同じ）	KIN.pmcf + PECELA.pmcf			
4840	PANXENCO		名詞		我々の遊戯-text	2023/04/29		乱数	（左に同じ）	fanxensor			
4850	E MOWI		動詞		我々の遊戯-text	2023/04/29		愚かだ	es etxaata	movi	馬鹿、バカ、愚か		
4860	E KINUNZA		動詞		我々の遊戯-text	2023/04/29		公開する、開示する	（左に同じ）	kinunsares			
4870	WACPALBIT		名詞		我々の遊戯-text	2023/04/29		変種、バリエーション	（左に同じ）	waxfalvit			
4880	E KANKILE		動詞		我々の遊戯-text	2023/04/29		一時的だ	es hankirleen	hankirle	一時的に		
4890	PALBITIXUMO		名詞		我々の遊戯-text	2023/04/29		経路	falvitisiumo, fey	falvitisiumo	経路、航空路		
4900	LUKXE		名詞		我々の遊戯-text	2023/04/29		塔、山札	luhxe, inivepalea (l'ekcan vepalea fua fix'onemo)	luhxe	塔；接地面が小さくたてに長い構造物		
4910	PAMEC-IT		動詞		我々の遊戯-text	2023/04/29		〜を許可する、〜を許す	（左に同じ）	farmes			
4920	JUCNE		名詞		我々の遊戯-text	2023/04/29		度量衡の単位	（左に同じ）	jysnej			
4930	TECNOK		名詞		我々の遊戯-text	2023/04/29		右	（左に同じ）	tesnok			
4940	ZELENA		名詞		我々の遊戯-text	2023/04/30		階級、強弱、（NLETI ZELENAで）N番目	elme, lasnej, late	zelerna	境遇、経緯、状況		
4950	E DELEJE		動詞		我々の遊戯-text	2023/04/30		引き分けの	（左に同じ）	deleje			
4960	E CIKINA		動詞		我々の遊戯-text	2023/04/30		（困難を）避ける	（左に同じ）	cikina			
4970	CUTEWEN		形容詞		我々の遊戯-text	2023/04/30		平らな	（左に同じ）	stlerven			
4980	CUBELPIC		名詞		我々の遊戯-text	2023/04/30		賭博	velfezaino	su1.pk + BELPIC.pmcf			
4990	E KANICITI		動詞		我々の遊戯-text	2023/04/30		有名な、人気がある	（左に同じ）	kaniciti			
5000	XILEJA		名詞		我々の遊戯-text	2023/04/30		オモテ	xlear, fontoce, xedixel ista xlear	xlear	表面		
5010	TEK		名詞		我々の遊戯-text	2023/04/30		合計、和	（左に同じ）	terk			
5020	CEKEL		名詞		我々の遊戯-text	2023/04/30		報酬、配当	cergel, vaxelferl	cergel	お返し、報酬		
5030	LAP		前置助動詞		我々の遊戯-text	2023/04/30		だけ	（左に同じ）	lap			
5040	LAIJU		名詞		我々の遊戯-text	2023/04/30		列、行列、順番、[laiju leti kin]連番	（左に同じ）	leiju			
5050	E LAIJU		動詞		我々の遊戯-text	2023/04/30		並ぶ	laozia leiju, en leiju'c, es fal leiju	leiju			
5060	LAIJU LETI KIN		複合名詞	TRUE	我々の遊戯-text	2023/04/30		連番	olonasch dieniep	E LAIJU.pmcf + KIN.pmcf			
5070	CUCITAL		名詞		我々の遊戯-text	2023/04/30		中央	sysit	sysit + -al	中心		「虎」との衝突を避けた
5080	NUCUCITAL		名詞		我々の遊戯-text	2023/04/30		端	fka, sysit ler lernen polto	NU.pmcf + CUCITAL.pmcf			
5090	E BILATE		動詞		我々の遊戯-text	2023/04/30		組み合わさる	(flivi'a fitena) veles virlarteo	virlarte	組み合わせる		
5100	E ZEL		動詞		我々の遊戯-text	2023/04/30		続く	（左に同じ）	zel			
5110	NIP-NOLE		前置助動詞		我々の遊戯-text	2023/04/30		すぐに	etixon	NIP.pmcf + NOLE.pmcf			
5120	CUCNIT		動詞		我々の遊戯-text	2023/04/30		～を掛け算する	es stusni'amars'i	stusni	(-'sは-'iと-'cを)掛けたものである		本来 E CUCNI - CUCNIIT と綴られるべき語だが、自動詞で用いることがないため CUCNIT と綴る。
5130	MOLKA		名詞		我々の遊戯-text	2023/04/30		勝利	molkkavo	molkka	勝利する		
5140	DEXAMOCEL		名詞		我々の遊戯-text	2023/04/30		コスト	arterletine fua eso fhasfa'i	dexamolserl	消費されるもの		
5150	E DELEC		動詞		我々の遊戯-text	2023/04/30		必要である	es delusen	deles	必要とする		
5160	E NUDELEC		動詞		我々の遊戯-text	2023/04/30		不要である	es niv delusen	NU.pmcf +DELEC.pmcf			
5170	LIME		名詞		我々の遊戯-text	2023/04/30		道	（左に同じ）	lime			
5180	INPEL-IT		動詞		我々の遊戯-text	2023/04/30		交換する	（左に同じ）	inferln			
5190	PENXE-IT		動詞		我々の遊戯-text	2023/04/30		運ぶ	（左に同じ）	fenxe			
5200	INIMOC		名詞		我々の遊戯-text	2023/04/30		資源、材料	inimors, fadilsta	inimors	資源、資料		
5210	LAPEKANTE		名詞		我々の遊戯-text	2023/05/01		上記	ny xut lkurferl	LAPE.pmcf + KANTE.pmcf			
5220	LAUNZAKANTE		名詞		我々の遊戯-text	2023/05/01		下記	xut lkurferl	LAUNZA.pmcf + KANTE.pmcf			
5230	NUWATAKEC-IT		動詞		我々の遊戯-text	2023/05/01		引き算する	celes ny ataneso e'it	ny atakes			（「XひくYはZ」は "NUWATAKECIT Y JO X LETI E Z"）
5240	DENEPOC		名詞		我々の遊戯-text	2023/05/01		条件	（左に同じ）	dhenefos			
5250	KAK		名詞		我々の遊戯-text	2023/05/01		価値	（左に同じ）	hark			
5260	(E MOP) / MOPLETI / MOBIT		動詞		我々の遊戯-text	2023/05/01		真似をする、かたどる	movies, stiesup io xalerlurfavon laozia fhasfa	mioves	真似をする		
5270	JUKENEL		名詞		我々の遊戯-text	2023/05/01		上限	（左に同じ）	jurkenel			
5280	KACE-IT		動詞		我々の遊戯-text	2023/05/01		示す、見せる、カードを出す	（左に同じ）	karse			
5290	XEP-IT		動詞		我々の遊戯-text	2023/05/01		大きくする、拡張する	xerfes, kinieses	XEP.pmcf + -IT.pmcf			
5300	PUXI		名詞		我々の遊戯-text	2023/05/01		余り、余計なもの	pyxi'd mors, anfilerl	pyxi			
5310	KAPOTO		名詞		我々の遊戯-text	2023/05/01		こっち側、こちら	jysnys	KA.pmcf + POTO.pmcf	（X LETI KAPOTOで） Xよりこっち側		
5320	CIPOTO		名詞		我々の遊戯-text	2023/05/01		あっち側、あちら、そっち側、そちら	systyr	CI.pmcf + POTO.pmcf			
5330	LACILA		名詞		我々の遊戯-text	2023/05/01		実際、事実	（左に同じ）	la cirla			
5340	ELME-IT		動詞		我々の遊戯-text	2023/05/01		勝負する、戦う	（左に同じ）	ELME.pmcf + IT.pmcf			
5350	MOT		名詞		我々の遊戯-text	2023/05/01		裏	（左に同じ）	moth			
5360	KINLUJOT		名詞		我々の遊戯-text	2023/05/01		数を表す文字としての数字	（左に同じ）	KIN.pmcf + LUJOT.pmcf			
5370	E DICNOC		動詞		我々の遊戯-text	2023/05/01		走る	(nime'd lovim leus) disnost	disnost	走る、運転する		
5380	DICNOCIT		動詞		我々の遊戯-text	2023/05/01		運転する	(fhasfha'i) disnost	disnost	走る、運転する		
5390	TUWALENIJA		名詞		我々の遊戯-text	2023/05/01		略奪	（左に同じ）	tvalenia			
5400	XACTIJE		名詞		我々の遊戯-text	2023/05/01		補給	dzastiergo	dzastie	充電する、軍事的な補給をする、充填する		（東島通商語では名詞として入っている）
5410	NETAUK		名詞		我々の遊戯-text	2023/05/01		奇数	（左に同じ）	nertalg			
5420	CEXE		名詞		我々の遊戯-text	2023/05/01		立方体	cerxe z'es stiesup	cerxe	立方体、立方体ダイス、ダイス、投げ棒		
5430	CEXEXIJU		名詞		我々の遊戯-text	2023/05/01		立方体ダイス	cerxe fanxensor'dy	cerxe + XIJU.pmcf	立方体、立方体ダイス、ダイス、投げ棒		
5440	DOCNETOC		名詞		我々の遊戯-text	2023/05/01		酒	（左に同じ）	dosnetost			
5450	ZAI		名詞		我々の遊戯-text	2023/05/01		線	（左に同じ）	chai			
5460	TIPAC		名詞		我々の遊戯-text	2023/05/01		斜め	（左に同じ）	tipas			
5470	E DOK, DOK-IT		動詞		我々の遊戯-text	2023/05/01		引っ張る、呼ぶ	（左に同じ）	derok			
5480	PAPCIL		名詞		我々の遊戯-text	2023/05/01		問題	（左に同じ）	fafsirl			
5490	PACLUKUP		名詞		我々の遊戯-text	2023/05/02		言い始め	faso lkurfo'it	PAC.pmcf + LUKUP.pmcf			「まずは〜を紹介しよう」の類を JO PACLUKUP と処理する。
5500	PUPCUK		前置助動詞		我々の遊戯-text	2023/05/02		〜しやすい	-syk	fyrfsyk			
5510	E PECTEL		動詞		我々の遊戯-text	2023/05/03		[e pectel jo]〜に作用する	（左に同じ）	festel e'c			
5520	PATAC		前置助動詞		我々の遊戯-text	2023/05/03		しっかりと	（左に同じ）	fattars			
5530	POLAPOBO		名詞		2023年5月ゲムマ収録漏れ資料	2023/5/10		ポラポボ（地名）	polapobo, polaphobo	pola.ar + phobo.ar	【羊手】		
5540	TENCUMITAL		名詞		2023年5月ゲムマ収録漏れ資料	2023/5/10		刑務所	（左に同じ）	tlemsmital			
5550	MALUCTINO		名詞		2023年5月ゲムマ収録漏れ資料	2023/5/13		粘着テープ、テープ	（左に同じ）	malystino			
5560	BEPAME		名詞		2023年5月ゲムマ収録漏れ資料	2023/5/13		虫眼鏡	xerfesyl, lesur fua xelo jyvied iulo'i	veparme	レンズ		
5570	CENOCIT		動詞		筆兵無傾AdC広報処コメント	2023/11/11		聞く	（左に同じ）	senost			
5580	PULEC		名詞		筆兵無傾AdC広報処コメント	2023/11/11		依頼	kylus, situsno	plais.vef, plax	依頼・要求, お願いします・頼むよ		
5590	PULECIT		動詞		筆兵無傾AdC広報処コメント	2023/11/11		求める, 望む	karx, plaxes	plais.vef, plaxes	依頼・要求, お願いする		
5600	XELIT TUDE		動詞		筆兵無傾AdC広報処コメント	2023/11/11		調べる	dzarn, fonti'a	xel.pmcf + tude.pmcf			
5610	INIWI		名詞		筆兵無傾AdC広報処コメント	2023/11/11		日常	la sietiv, starsk	èinye.vef	日常		
5620	TUWACAIT		動詞		筆兵無傾AdC広報処コメント	2023/11/11		祝う	（左に同じ）	tvarsna			
5630	ECTENE		名詞		筆兵無傾AdC広報処コメント	2023/11/11		聖人	（左に同じ）	estener			
5640	ALWE		名詞		筆兵無傾AdC広報処コメント	2023/11/11		祭り, 催し, 行事, イベント	（左に同じ）	alve			
5650	XEKUMEL		名詞		筆兵無傾AdC広報処コメント	2023/11/11		こども	selun	chieroumiel.vef			
5660	KULANUCTA		名詞		筆兵無傾AdC広報処コメント	2023/11/11		記事, 段落	krantie, kranurxta	kranurxta	文章, 書き物, 文書, 読み物, 記事, 段落		
5670	LEADIJO		名詞		筆兵無傾AdC広報処コメント	2023/11/11		レアディオ	（左に同じ）	leadi'o			
5680	E XALE		動詞		筆兵無傾AdC広報処コメント	2023/11/11		似ている	stes e'i, es xaleerl	xale			
5690	LILATA		名詞		筆兵無傾AdC広報処コメント	2023/11/11		長、リーダー	lirj	lirj + larta			
5700	TUDEKILE		名詞		筆兵無傾AdC広報処コメント	2023/11/11		往来、交流	euenelsteino, sirnatz, fercaglesni	tude.pmcf + kile.pmcf			
5710	LEXICNEN		名詞		筆兵無傾AdC広報処コメント	2023/11/11		誕生日	（左に同じ）	lexissnen			
5720	TOLIT		名詞		15分タクシー	2023/12/01		朝	（左に同じ）	tolid			
5730	LEXIL		名詞		discord会話	2023/12/02		髪	（左に同じ）	ledzil			
5740	LEDUT		名詞		NIPPON BELPIC	2024/03/12		手	（左に同じ）	ledyd			
5750	TOXA		名詞		NIPPON BELPIC	2024/03/12		石、岩	（左に同じ）	toxa			
5760	CECTIL		名詞		NIPPON BELPIC	2024/03/12		ハサミ	（左に同じ）	cestyl			
5770	XOBEJEL		名詞		NIPPON BELPIC	2024/03/12		拳, 握り拳, 拳骨	（左に同じ）	shoberjerl			
5780	LAKLA		名詞		NIPPON BELPIC	2024/03/12		胸	（左に同じ）	larkra			
5790	LEXUT		名詞		NIPPON BELPIC	2024/03/12		指	（左に同じ）	liexyt			
5800	KENULEXUT		名詞		NIPPON BELPIC	2024/03/12		人差し指	kernu	kernu  + liexyt	人差し指 + 指		
5810	INPIKAC		名詞		NIPPON BELPIC	2024/03/12		中指	（左に同じ）	infirkas			
5820	KETIP		名詞		NIPPON BELPIC	2024/03/12		鳥	（左に同じ）	ketiv			
5830	NO		文接続詞		NIPPON BELPIC	2024/03/12		～しながら	dlirlo	no	いま		
5840	LACILA		前置助動詞		NIPPON BELPIC	2024/03/13		本当に、真に	cirlaon, cirla io	la cirla	事実		
5850	LAILECNELU		名詞		NIPPON BELPIC	2024/03/13		方角	snely	lael + -e- + snely	地図 + 方角		
5860	LEN-IT		動詞		NIPPON BELPIC	2024/03/13		遠ざける	eselst	lern	離れる		
5870	NAXEN		名詞		NIPPON BELPIC	2024/03/16		金持ち、富豪	（左に同じ）	naxen			
5880	MONIJAKTA		名詞		NIPPON BELPIC	2024/03/16		素数	（左に同じ）	moni'akda			
5890	DICNELET		名詞		NIPPON BELPIC	2024/03/16		親戚	（左に同じ）	dirsnielat			
5900	E NEJUC		動詞		NIPPON BELPIC	2024/03/16		集まる	（左に同じ）	sniejus			
5910	JUCTI		名詞		NIPPON BELPIC	2024/03/16		タケノコ	（左に同じ）	jysdir			
5920	EBU		名詞		NIPPON BELPIC	2024/03/16		穀物	stirdzelerl	erb, ebu.ar			
5930	DECTOK		名詞		NIPPON BELPIC	2024/03/16		芋	（左に同じ）	destok			
5940	JUCE		名詞		NIPPON BELPIC	2024/03/16		団子	juror, joke'r, xeji knloanerl	jusei.ar	肉団子		
5950	XALU-IT		動詞		NIPPON BELPIC	2024/03/16		着用する、装備する、身に着ける	（左に同じ）	xalur			
5960	DIJUNAL		名詞		NIPPON BELPIC	2024/03/16		頭	（左に同じ）	diunarl			
5970	DIJUNAMUL		名詞		NIPPON BELPIC	2024/03/16		ヘルメット	（左に同じ）	diunarmyl			
5980	TACIKU		名詞		NIPPON BELPIC	2024/03/16		防具	xalurerl cixj ceorryl	tasiku.ar	防御		
5990	E NUCILA		動詞		NIPPON BELPIC	2024/03/16		偽物である、本物ではない	adersen	NU.pmcf + CILA.pmcf			
6000	IPAICAL		名詞		NIPPON BELPIC	2024/03/16		田、農地	（左に同じ）	ipeiccal			
6010	E NAUKIK		動詞		NIPPON BELPIC	2024/03/16		その場しのぎである、間に合わせである	es navgirkh	navgirkh	対症療法、その場しのぎ、間に合わせ		
6020	AMAKOLE		名詞		NIPPON BELPIC	2024/03/16		干し草	（左に同じ）	amahorle			
6030	NEWIC		名詞		NIPPON BELPIC	2024/03/16		屋根	（左に同じ）	nevis			
6040	E BELACTE		動詞		NIPPON BELPIC	2024/03/16		低質である、質が劣っている	harkinsen	belarxte	水に浮く虫食いのどんぐり；役立たず、出来損ない		
6050	NEDI		名詞		NIPPON BELPIC	2024/03/16		袖	（左に同じ）	nedi			
6060	XALWA		名詞		NIPPON BELPIC	2024/03/16		服、衣服	（左に同じ）	xalwa			
6070	E JETOCTAPAN		動詞		NIPPON BELPIC	2024/03/16		<主語>は水が付着している	berracen, e's letix ietost fal untirke'd xlear	ietostarfamo	水を付着させること		
6080	JETO		名詞		NIPPON BELPIC	2024/03/16	NIPPON LETI BELPIC	水	（左に同じ）	ieto-			
6090	LICXA		名詞		NIPPON BELPIC	2024/03/17		山	（左に同じ）	licxa			
6100	LUTET		名詞		NIPPON BELPIC	2024/03/17		風	（左に同じ）	rytiet			
6110	CONIC		名詞		NIPPON BELPIC	2024/03/17		植物	（左に同じ）	stones			
6120	KUCIJE		名詞		NIPPON BELPIC	2024/03/17		樹脂	（左に同じ）	quci'e			
6130	E PAXETOXE		動詞		NIPPON BELPIC	2024/03/17		複雑である	es faxetuoxe	faxetuoxe	複雑な		
6140	DUCUN		前置助動詞		NIPPON BELPIC	2024/03/17		極端に	dysun	dysun	甚だしい		
6150	NUPATE		間投詞		NIPPON BELPIC	2024/03/17		驚くべきことに	（左に同じ）	ny farte			
6160	E NAIPE		動詞		NIPPON BELPIC	2024/03/17		精巧である、緻密である	julesn, xipiaoen	naipei.ar, naip2.pk	緻密さ		
6170	DUXECTEN		形容詞		NIPPON BELPIC	2024/03/17		理科の、理系の、数理系の	staldyxest	dyxesten	理科の、理化学の		
6180	E PULEN		動詞		NIPPON BELPIC	2024/03/17		好意を抱いている, 興味や関心や情熱を持っている	vxorlnajten	flern	大好きだ		
6190	LACU		名詞		NIPPON BELPIC	2024/03/17		骨	（左に同じ）	larsu			
6200	PUDE		名詞		NIPPON BELPIC	2024/03/17		花	（左に同じ）	puder			
6210	EWICTEN		形容詞		NIPPON BELPIC	2024/03/17		値段の安い	evist	evist + -en	値段の安い		
6220	ICTACLEJA		名詞		NIPPON BELPIC	2024/03/18		面	（左に同じ）	ista xlear			
6230	NIJACICEN		形容詞		NIPPON BELPIC	2024/03/18		逆向きの	niacicen, talienen	niacicen	逆向きの、反転した		
6240	EXETEN		形容詞		NIPPON BELPIC	2024/03/19		（芸術作品が）「気品があり美しい」	(fhasfa'd kanti'a's es) artidzemirs ol exerten	exerten	（女性が）清楚な、美しい、気品のある		
6250	CELUN		名詞		NIPPON BELPIC	2024/03/19		子供	（左に同じ）	selun			
6260	NOPON		名詞		NIPPON BELPIC	2024/03/19		暴風雨	dieest, snopon	snopon	台風		
6270	LEDI-IT		動詞		NIPPON BELPIC	2024/03/19		からかう、軽く馬鹿にする	（左に同じ）	ledhi			
6280	E KEBALA		動詞		NIPPON BELPIC	2024/03/19		かっこいい	es kebala	kebala	かっこいい		
6290	E PANKIJA		動詞		NIPPON BELPIC	2024/03/19		梱包をほどく	（左に同じ）	fanhi'a			
6300	PANKIJA		名詞		NIPPON BELPIC	2024/03/19		梱包ほどき、開封	fanhi'avo	fanhi'a	梱包をほどく		
6310	LAKLIP		名詞		NIPPON BELPIC	2024/03/20		観光名所	glift	la glift	観光名所		
6320	ANKALEPEN-IT		動詞		NIPPON BELPIC	2024/03/20		試す、試用する、試みる、試行する	（左に同じ）	ankalefenes			
6330	DEC-IT		動詞		NIPPON BELPIC	2024/03/20		踏む、歩く	（左に同じ）	des			
6340	NEKIJANIN		名詞		NIPPON BELPIC	2024/03/20		手紙	（左に同じ）	niek1 hia1 nin1.pk			
6350	NAMANA		名詞		NIPPON BELPIC	2024/03/20		死神	（左に同じ）	namarna			
6360	E DANKA-LETI		動詞		NIPPON BELPIC	2024/03/20		立体的である	（左に同じ）	danqa	三次元、立体		
6370	LALU		名詞		NIPPON BELPIC	2024/03/20		尻尾	（左に同じ）	larru			
6380	TEXOCIL		名詞		NIPPON BELPIC	2024/03/20		夜	nukus	tiexos + -il	寝るとき		　
6390	E TEXOC		動詞		NIPPON BELPIC	2024/03/20		寝る	（左に同じ）	tiexos			
6400	CITEN-LETI		動詞		NIPPON BELPIC	2024/03/20		孤独な、一人の	（左に同じ）	siteen			
6410	E CIXEL		動詞		NIPPON BELPIC	2024/03/20		掛かる、垂れる、ぶらさがる	（左に同じ）	stirdzel			
6420	E LUPIT		動詞		NIPPON BELPIC	2024/03/22		悔しい	（左に同じ）	lypit			
6430	ILECEON		前置助動詞		NIPPON BELPIC	2024/03/30		異口同音に、一同息を合わせて（堅い語）	（左に同じ）	ileceon			
6440	CIL		名詞		NIPPON BELPIC	2024/03/30		合わせた両手	（左に同じ）	cil			
6450	CUWA		名詞		NIPPON BELPIC	2024/03/30		円錐	atuli'o'd cela	sua.ar			
6460	CODUL-IT		動詞		NIPPON BELPIC	2024/04/04		～という模様を(jo)に彫る	sodues celti'ao'i fhasfa'c	sodu + *-l- + -IT.pmcf			
6470	CUC		名詞		NIPPON BELPIC	2024/04/04		練ったもの、ペースト	orklerl, jacamalainon orklerl	stuc			
6480	LULE		名詞		NIPPON BELPIC	2024/04/04		学者	lberger, lena	-lyr + -l- + -er			
6490	MELO		名詞		NIPPON BELPIC	2024/04/04		剣	（左に同じ）	melo			
6500	TALTE		名詞		NIPPON BELPIC	2024/04/04		トパーズ	（左に同じ）	talte			
6510	UJEK		名詞		NIPPON BELPIC	2024/04/04		金属	（左に同じ）	ujiek			
6520	MAL		名詞		NIPPON BELPIC	2024/04/04		都市、町、街	（左に同じ）	marl			
6530	TUWACAPOLTO		名詞		NIPPON BELPIC	2024/04/04		宗教施設、神社、寺、教会	fi'anxa, ilkis, kemie, tvarsnarlen celavylium	TUWACA.pmcf + POLTO.pmcf			
6540	E TOCTIJEC		動詞		NIPPON BELPIC	2024/04/04		南である	lales e'i tostiexe'l	tostiex			
6550	NEPECTALAITEN		動詞		NIPPON BELPIC	2024/04/04		不利な	（左に同じ）	nefestallejten			
6560	ECNEA		名詞		NIPPON BELPIC	2024/04/04		風刺、嫌味、皮肉	（左に同じ）	exnea			
6570	NOJEP		名詞		NIPPON BELPIC	2024/04/04		壁	（左に同じ）	snoip			
6580	E NULOP		動詞		NIPPON BELPIC	2024/04/04		北である	lales e'i nulova'l	nulov			
6590	E BINET		動詞		NIPPON BELPIC	2024/04/04		西である	lales e'i vinede'l	vined			
6600	PUCLA		名詞		NIPPON BELPIC	2024/04/04		目線	（左に同じ）	fyrstla			
6610	E AKLOT		動詞		NIPPON BELPIC	2024/04/04		(JO)～から逃れる、避ける	malefikina	aklot			
6620	CETILE		名詞		NIPPON BELPIC	2024/04/05		角、隅	（左に同じ）	cetirle			
6630	BATTA		名詞		NIPPON BELPIC	2024/04/08		味	doisnerl	bhattá.bt			
6640	E BATTAPANKA		動詞		NIPPON BELPIC	2024/04/08		美味である	doisn	BATTA.pmcf + PANKA.pmcf			
6650	NUNIJE		名詞		NIPPON BELPIC	2024/04/08		銀	（左に同じ）	nynie			
6660	XEDUC		名詞		NIPPON BELPIC	2024/04/08		金	（左に同じ）	xedys			
6670	TIJET		名詞		NIPPON BELPIC	2024/04/08		シナモン、ニッキ、肉桂	（左に同じ）	tijet			
6680	LABI		名詞		NIPPON BELPIC	2024/04/08		皮膚	（左に同じ）	larchi			
6690	ETEXON		前置助動詞		NIPPON BELPIC	2024/04/09		素早く	jeteson	etixon			
6700	ANPILUN		名詞		NIPPON BELPIC	2024/04/12		のこり、余り	（左に同じ）	anfilium			
6710	ECIJEN		形容詞		NIPPON BELPIC	2024/04/12		水平な	（左に同じ）	ecirjen			
6720	CELUP		名詞		NIPPON BELPIC	2024/04/12		肩	（左に同じ）	stieluv			
6730	E TIPECEN		動詞		NIPPON BELPIC	2024/04/12		斜めである	（左に同じ）	tipesen			
6740	COLO-IT		動詞		NIPPON BELPIC	2024/04/12		投げる、投擲する	（左に同じ）	coloj / soloj			
6750	E LOC		動詞		NIPPON BELPIC	2024/04/12		立つ	ta	losu.ar			
6760	LOPOP		名詞		NIPPON BELPIC	2024/04/12		足	（左に同じ）	liepop			
6770	LOPTAIPE-IT		動詞		NIPPON BELPIC	2024/04/12		巻く	ifie	roft + -a- + -r- + ifie			
6780	CIKECEN		名詞		NIPPON BELPIC	2024/04/12		端、終点	（左に同じ）	stikiesn			
6790	LATEL		名詞		NIPPON BELPIC	2024/04/12		結び目	（左に同じ）	rattel			
6800	AUCET-IT		動詞		NIPPON BELPIC	2024/04/12		抹殺する、ゲームなどから駒を除外する	alceto, afnar laver o vepalea lerj tark	alceto			
6810	DOLUMEN		形容詞		NIPPON BELPIC	2024/04/12		穢れた	lex letix xarznerl	dolumen			
6820	NUWOT-IT		動詞		NIPPON BELPIC	2024/04/13		壊す	（左に同じ）	snuvod			
6830	LIZ-IT		動詞		NIPPON BELPIC	2024/04/13		傷つける	（左に同じ）	lizes			
6840	E PENE		動詞		NIPPON BELPIC	2024/04/13		座る、腰掛ける	（左に同じ）	perne			
6850	OCPOLTO		名詞		NIPPON BELPIC	2024/04/13		横隣、脇、両横	ektir	os + polto			
6860	LAWOL		名詞		NIPPON BELPIC	2024/04/14		状況、状態、情勢	na, tarkol	la- + -v- + -ol			
6870	TUWAL-IT		動詞		NIPPON BELPIC	2024/04/14		奪う、ひったくる	（左に同じ）	tvarl			
6880	E LATACTEPANKA		動詞		NIPPON BELPIC	2024/04/14		気立ての良い	letix vynut lartest	lartest + -e- + panqa			
6890	JETECTE		名詞		NIPPON BELPIC	2024/04/15		契約	jetiesterl	jetiest + -e-			
6900	NELUP		名詞		NIPPON BELPIC	2024/04/15		机	（左に同じ）	nielyp			
6910	CANXEN		名詞		NIPPON BELPIC	2024/04/17		種	（左に同じ）	starnxen			
6920	CANXEN-IT		動詞		NIPPON BELPIC	2024/04/17		種をまく、(物を)散布する	starnxenes, tastleus	starnxenes	種をまく		
6930	PEKATA-IT		動詞		NIPPON BELPIC	2024/04/17		囲む	（左に同じ）	ferkata			
6940	XINEP		名詞		NIPPON BELPIC	2024/04/17		床	（左に同じ）	xinev			
6950	CECT-IT		動詞		NIPPON BELPIC	2024/04/17		切る	（左に同じ）	cest			
6960	PENAL		名詞		NIPPON BELPIC	2024/04/17		椅子	（左に同じ）	pernal			
6970	NETELAL		名詞		NIPPON BELPIC	2024/04/17		（寸法の）縦	nerten lal	nert + -e- + -r- + lal.pmcf	鉛直 + 方向		
6980	ECIJENLAL		名詞		NIPPON BELPIC	2024/04/17		（寸法の）横	ecijen lal	ECIJEN.pmcf + LAL.pmcf	水平な + 方向		
6990	DUTUTULAL		名詞		NIPPON BELPIC	2024/04/17		（寸法の）前後	dytuten lal	dytut + -u- + -r- + LAL.pmcf	奥行き + 方向		
7000	E XIPIJAU		動詞		NIPPON BELPIC	2024/04/17		巧妙な、洗練された、意匠がこらされた	（左に同じ）	xipiaoen			
7010	KACKULEME-IT		動詞		NIPPON BELPIC	2024/04/17		自慢する、見せびらかす	（左に同じ）	kacklemej			
7020	BELPICTATA		名詞		NIPPON BELPIC	2024/04/17		ゲームの面白さ、ゲーム性、ゲームの楽しみ	la nujon velfeze'dy	BELPIC.pmcf 			
7030	PEXE		名詞		NIPPON BELPIC	2024/04/19		後ろ	laback	peixe.ar	後ろへ		
7040	KADITEP-IT		動詞		NIPPON BELPIC	2024/04/19		二分する	（左に同じ）	qaditep			
7050	TOKECCE		名詞		NIPPON BELPIC	2024/04/19		勝ち組、上流階級	elmerrelod, molkkaver	tokecce	金持ち家族、ブルジョワ一族		（特定の一人が優勝する場合は MOLKAIT LETI LATA だが、じゃんけんのように集団が勝ち負けで二分される【そして、それらは別に事前にチームであったわけではない】というニュアンスを表すために、集団を表す TOKECCE という語が用いられている。）
7060	XEPLEXUT		名詞		NIPPON BELPIC	2024/04/19		親指	klatz	XEP LEXUT.pmcf	大きい指		
7070	LUNIJA		名詞		NIPPON BELPIC	2024/04/19		拍、音節	lunija, nesnium	lunija	拍		
7080	E ELCEC		動詞		NIPPON BELPIC	2024/04/19		昇格する、昇進する	（左に同じ）	elsec			
7090	MAPE		名詞		NIPPON BELPIC	2024/04/19		禁忌、タブー	（左に同じ）	marve			
7100	MAPE-IT		動詞		NIPPON BELPIC	2024/04/19		強く禁じる	anka lot feklen	MAPE.pmcf + -IT.pmcf			
7110	ECKI		名詞		NIPPON BELPIC	2024/04/19		外	eskial 	eski	外へ		
7120	NUPOLTO-LETI		動詞		NIPPON BELPIC	2024/04/19		閉じた	（左に同じ）	snepolta			（nəpoltə みたいな語形になっていたのが、NU + POLTO と再分析された。「とある場所が、人でいっぱいになって追加で入ることができず、『場所ではなくなった』」ぐらいのノリで解釈されているのだろう。）
7130	DIL-IT		動詞		NIPPON BELPIC	2024/04/20		刺す	wers	dili.ar			
7140	E LOPTA		動詞		NIPPON BELPIC	2024/04/20		回る	roft	roft + -a-	回す		
7150	DIZEN		名詞		NIPPON BELPIC	2024/04/20		感情	（左に同じ）	disien			
7160	TUNI		名詞		NIPPON BELPIC	2024/04/20		予定、計画	aziurg	tunii.ar	予定する		（TONI「神」とひっかけた何らかの修辞がありそう）
7170	TIJUNA		名詞		NIPPON BELPIC	2024/04/20		左	restut	tiuna.ar	左		
7180	MAKINA		名詞		NIPPON BELPIC	2024/04/20		音楽	niesnu	makina.ar	音楽		
7190	MALCA		名詞		NIPPON BELPIC	2024/04/20		母	（左に同じ）	malca	母		
7200	NETALE		名詞		NIPPON BELPIC	2024/04/20		郵便、手紙	sniertarle, sneest	sniertarle	郵便、宅配		
7210	PITAXI-LETI		動詞		NIPPON BELPIC	2024/04/20		狡猾な（語源不詳）	yst nutines	(niv jexi'ert)			
7220	e DINDUN		動詞		NIPPON BELPIC	2024/04/20		ごちゃごちゃ	feti'anasch	(niv jexi'ert) jol melses "tern tern" pergvirle'dy			混ざっている様子を表すオノマトペ（ten1 ten1との関連？）
7230	DINDUN-IT		動詞		NIPPON BELPIC	2024/04/20		混ぜる、乱す、シャッフルする	jyrus, ylien, juleslotizases				（分かたれているものを均す行為全般が言えそう）
7240	KONLABEL		名詞		NIPPON BELPIC	2024/04/20		揃ったもの、一式、セット	（左に同じ）	konlaverl			
7250	APCINUIL		名詞		NIPPON BELPIC	2024/04/20		両替（名詞）	avcinyilo	avcinyil	両替する		
7260	E CULAUN		動詞		NIPPON BELPIC	2024/04/20		寝る	（左に同じ）	sulaun			
7270	PUDE		名詞		NIPPON BELPIC	2024/04/20		花	（左に同じ）	puder			
7280	LECTEP		名詞		NIPPON BELPIC	2024/04/20		ウメ	（左に同じ）	restep			
7290	CACA		名詞		NIPPON BELPIC	2024/04/20		ラン	（左に同じ）	casa.ar			
7300	DIJAC-IT		動詞		NIPPON BELPIC	2024/04/20		キャンセルする、無効とする	（左に同じ）	dirjas			
7310	DIJACLETI		動詞		NIPPON BELPIC	2024/04/20		無効な	dirjasanasch	DIJAC.pmcf + -LETI.pmcf			
7320	CUWONEL		名詞		NIPPON BELPIC	2024/04/20		提案	（左に同じ）	svionerl			
7330	E NUMELE		動詞		NIPPON BELPIC	2024/04/20		遠い	stienies	NU-.pmcf + MELE.pmcf	ではない + 近い		
7340	CECUP		名詞		NIPPON BELPIC	2024/04/21		形、形状	（左に同じ）	stiesup			
7350	XAIMAI		名詞		NIPPON BELPIC	2024/04/21		四角形	yst afi'orj, eo afi'orj	shaimai.ar			
7360	LOLECNE		名詞		NIPPON BELPIC	2024/04/21		長さ	lolersnej, lersa	loler + -snej			（lolerは数値が大きいことや時間の長いことを表す形容詞だが、LOLECNEは時間と距離の長さを表すようになった）
7370	TULAI		名詞		NIPPON BELPIC	2024/04/21		伴侶、配偶者	（左に同じ）	tlaj			
7380	TULAI-TULAI		名詞		NIPPON BELPIC	2024/04/21		夫婦	vixas ad sisin				
7390	XEPXEL-IT		動詞		NIPPON BELPIC	2024/04/21		尊敬する	appedzerfelle	XEP.pmcf + XELIT.pmcp	大きい + 見る		
7400	E AUBAIK		動詞		NIPPON BELPIC	2024/04/21		はめ込む	alvaik e'i fhasfa'c	alvaik	穴に詰める、はめ込む		
7410	JONDEL		名詞		NIPPON BELPIC	2024/04/21		苦しみと空虚、虚苦	（左に同じ）	jondel			
7420	E NUN		動詞		NIPPON BELPIC	2024/04/21		質問する	（左に同じ）	nun			
7430	PULANKEN		形容詞		NIPPON BELPIC	2024/04/21		質素な, 慎ましい, 静かな	（左に同じ）	flarngn			
7440	CITENO		名詞		NIPPON BELPIC	2024/04/21		一人、孤独	（左に同じ）	sciteeno			
7450	LADELIJU		名詞		NIPPON BELPIC	2024/04/21		義務	felec, felecu	la deliu			
7460	KUNLANEL		動詞		虎新聞			食べ物	（左に同じ）	knloanerl			
7470	DONEN		名詞		虎新聞	2024/04/23		交通	（左に同じ）	donen			
7480	DONEN		形容詞		虎新聞	2024/04/23		交通の	（左に同じ）	donen			
7490	ENO		名詞		虎新聞	2024/04/23		魚	（左に同じ）	enor			
7500	CELAJUMUC		名詞		虎新聞	2024/04/23		工事	（左に同じ）	celaiumust			
7510	BELCICIJEN		形容詞		虎新聞	2024/04/23		漁獲された	（左に同じ）	velsiccien			（日常では使わない高級語彙なので、記事内では言い換えがされている）
7520	NICNINECNE		名詞		虎新聞	2024/04/23		重量	（左に同じ）	nisninesnej			（日常では使わない高級語彙なので、記事内では言い換えがされている）
7530	JUMIN		名詞		虎新聞	2024/04/23		市場（いちば、しじょう）	（左に同じ）	iumim			
7540	ATELETINE		名詞		虎新聞	2024/04/23		値段	（左に同じ）	arterletine			
7550	AINLOMA		名詞		虎新聞	2024/04/23		魚醤	（左に同じ）	amilahomá [æ̃̀ĩ̯l.lò̞ː.mə́]	魚の		
7560	MAU		名詞		虎新聞	2024/04/24		街、町、都市	（左に同じ）	marl			
7570	cenoctit		動詞		虎新聞	2024/04/24		聞く	（左に同じ）	cenoct			
7580	LINEC		名詞		虎新聞	2024/04/24		リナエスト	（左に同じ）	linaest			
7590	XUCI		名詞		虎新聞	2024/04/24		車、車両	（左に同じ）	xysir			
7600	NUCETIT		動詞		虎新聞	2024/04/24		減らす	sotul	NU-.pmcf + CETIT.pmcf			
7610	BONCENA-IT		動詞		虎新聞	2024/04/24		輸送する、運ぶ、[boncenait tude] 輸出する、[boncenait kije] 輸入する	vonserna, [tude] conserna xokise'l, [kije] ledi'o	vonserna			
7620	LEJUN		名詞		虎新聞	2024/04/24		会社	（左に同じ）	leryn			
7630	XULIP		名詞		虎新聞	2024/04/24		工場	（左に同じ）	xuliv			
7640	CACKE		名詞		虎新聞	2024/04/24		日常、暮らし	starsk	starsken	日常の、暮らしの		
7650	BULO		名詞		虎新聞	2024/04/24		鉄	（左に同じ）	vulo			
7660	MAKLAUZAIT		動詞		虎新聞	2024/04/24		作り直す、復興する	mattilien	MAK.pmcf + LAUZAIT.pmcf	再び作る		
7670	TIPIDIJA		名詞		虎新聞	2024/04/24		予算、見積	（左に同じ）	tifidia			
7680	KANPITOLE		名詞		虎新聞	2024/04/24		上層部、上司	（左に同じ）	kanfitaule			
7690	NUKANPITOLE		名詞		虎新聞	2024/04/24		下層部、末端、下っ端	xupurmer	NU-.pmcf + KANPITOLE.pmcf			
7700	TIMIBE		名詞		虎新聞	2024/04/24		マフィア	（左に同じ）	timirve			
7710	CEPLATA		名詞		虎新聞	2024/04/24		役人	aptumirle	CEP.pmcf + LATA.pmcf	「政府」+「人」		
7720	JECLENE		名詞		虎新聞	2024/04/25		ユエスレオネ	（左に同じ）	yuesleone			
7730	LADIJA		名詞		虎新聞	2024/04/25		先住民	（左に同じ）	ladira			
7740	ENATOKT-IT		動詞		虎新聞	2024/04/25		差別する	（左に同じ）	ennatokt			
7750	LIKUP		名詞		虎新聞	2024/04/25		単語	kraxaiun	lkurf			
7760	NUXEP-NUXEP		形容詞					微小な、わずかな	set jyvied	NUXEP.pmcf + NUXEP.pmcf	小さい + 小さい		
7770	XEP-XEP		形容詞		ゲムマ2024春広報処コメント	2024/4/30		膨大な、莫大な、途方もない	set, set loler, litarlenerfe	XEP.pmcf + XEP.pmcf	大きい + 大きい		
7780	METIC		名詞		ゲムマ2024春広報処コメント	2024/4/30		可能性、見込み	（左に同じ）	metis			
7790	ATIME		名詞		ゲムマ2024春広報処コメント	2024/5/2		季節	athim	athim + -e			一般名詞としての（ゲームなどの術語でない）季節
7800	eckijacil		名詞		AIL MO LETI CEP			広報	larkaso	ECKI.pmcf + acirl「新聞」			tudeit N leti eckijacilで「Nの広報を行う」
7810	abelip		名詞		AIL MO LETI CEP			展示	arvelib, avarpecve	arvelib			
7820	abelipit		動詞		AIL MO LETI CEP			展示する	karse arvelib adit sodu, kranti'e lartassa'c	arvelib			
7830	MAKATI		名詞		アイル共和国行政区画			天神、マカティ		makati			
7840	KUWAKE		名詞		アイル共和国行政区画			筆処、クワケ		kua2 hue			
7850	KAUNA		名詞		アイル共和国行政区画			刀水、カウナ		gau2 nua2.pk			
7860	MAWALA		名詞		アイル共和国行政区画			草地、マワラ		flarvhaal			
7870	TAUPO		名詞		アイル共和国行政区画			端、タウポ		taupwo.ar			
7880	NUMAMA		名詞		アイル共和国行政区画			大守処、ヌママ		numa -ma			
7890	KITAITUWA		名詞		アイル共和国行政区画			百果、キタイトゥワ		kita itua.ar			
7900	PUTOKI		名詞		アイル共和国行政区画			真友、プトキ		puto ohi.ar			
7910	IATUKIJA		名詞		アイル共和国行政区画			冬心、ヤツキヤ		jatu hiya.ar			
7920	XIWAIZA		名詞		アイル共和国行政区画			裁将広、シワイツァ		shwaithija			
7930	BANNIN		名詞		アイル共和国行政区画			闇族、バンニン		ban2 nim2.pk			
7940	MITUWA		名詞		アイル共和国行政区画			十果、ミトゥワ		miht tuah.opk			
7950	KIJACIJA		名詞		アイル共和国行政区画			心古、キヤシヤ		hia1 sia1.pk			
7960	LAMOI		名詞		アイル共和国行政区画			享、ラモイ		RAvvPŊOY.lin			
7970	KAIPPE		名詞		アイル共和国行政区画			助処、カイッペ		gaisfie.vef			
7980	POKIA		名詞		アイル共和国行政区画			道古、ポキヤ		paugat.vef			
7990	ALINODIJA		名詞		アイル共和国行政区画			水神、アリノディヤ		alinaudes.vef			
8000	INUCALITA		名詞		アイル共和国行政区画			川入、イヌサリタ		inuci a nita.tk			
8010	INUCENA		名詞		アイル共和国行政区画			川生、イヌセナ		inuci a jana.tk			
8020	NAUNILI		名詞		アイル共和国行政区画			刺、ナウニリ		naunil-			
8030	TANUT		名詞		アイル共和国行政区画			皇下、タヌト		tam2 ut2.pk			
8040	MIKLU		名詞		アイル共和国行政区画			橋鳥、ミクル		miklurl (niv jexi'ert)			
8050	letok		名詞					列車	（左に同じ）	retok			
8060	e nenul		動詞					[e nenul tude]（車や乗り物に）乗る、[e nenul kije]（車や乗り物から）降りる	nienul [tude], nienulins [kije]	nienul			
	e pac		動詞					始まる	（左に同じ）	fas			
	pac		名詞					始まり	fasso	fas			
	cawakit		動詞					（どんぐりなどを）渋抜きする、（文章を）読みやすく整える		banersavakh			
	nincetkaik		名詞					紙机戦		nin1 cet2 kaik.pk			
	dije		名詞		我々の遊戯-text			手番					
	bepok		名詞					同色、同色役	la dejixece	bap pok.pmcf 			